{"Cell 32": {"Right": "Cell 42", "Gold": false, "Up": "Cell 33", "Next": ["Cell 33", "Cell 31", "Cell 42", "Cell 22"], "Down": "Cell 31", "Wumpus": false, "Pit": false, "Left": "Cell 22"}, "Cell 24": {"Right": "Cell 34", "Gold": false, "Up": "Void", "Next": ["Cell 23", "Cell 34", "Cell 14"], "Down": "Cell 23", "Wumpus": false, "Pit": false, "Left": "Cell 14"}, "Cell 31": {"Right": "Cell 41", "Gold": false, "Up": "Cell 32", "Next": ["Cell 32", "Cell 41", "Cell 21"], "Down": "Void", "Wumpus": false, "Pit": true, "Left": "Cell 21"}, "Cell 21": {"Right": "Cell 31", "Gold": false, "Up": "Cell 22", "Next": ["Cell 22", "Cell 31", "Cell 11"], "Down": "Void", "Wumpus": false, "Pit": false, "Left": "Cell 11"}, "Cell 23": {"Right": "Cell 33", "Gold": false, "Up": "Cell 24", "Next": ["Cell 24", "Cell 22", "Cell 33", "Cell 13"], "Down": "Cell 22", "Wumpus": false, "Pit": false, "Left": "Cell 13"}, "Cell 34": {"Right": "Cell 44", "Gold": false, "Up": "Void", "Next": ["Cell 33", "Cell 44", "Cell 24"], "Down": "Cell 33", "Wumpus": false, "Pit": false, "Left": "Cell 24"}, "Cell 33": {"Right": "Cell 43", "Gold": false, "Up": "Cell 34", "Next": ["Cell 34", "Cell 32", "Cell 43", "Cell 23"], "Down": "Cell 32", "Wumpus": false, "Pit": true, "Left": "Cell 23"}, "Cell 22": {"Right": "Cell 32", "Gold": false, "Up": "Cell 23", "Next": ["Cell 23", "Cell 21", "Cell 32", "Cell 12"], "Down": "Cell 21", "Wumpus": false, "Pit": false, "Left": "Cell 12"}, "arrows": 0, "Cell 42": {"Right": "Void", "Gold": false, "Up": "Cell 43", "Next": ["Cell 43", "Cell 41", "Cell 32"], "Down": "Cell 41", "Wumpus": false, "Pit": false, "Left": "Cell 32"}, "points": 1100, "status": "won", "location": "Cell 11", "Cell 41": {"Right": "Void", "Gold": false, "Up": "Cell 42", "Next": ["Cell 42", "Cell 31"], "Down": "Void", "Wumpus": false, "Pit": false, "Left": "Cell 31"}, "Cell 44": {"Right": "Void", "Gold": false, "Up": "Void", "Next": ["Cell 43", "Cell 34"], "Down": "Cell 43", "Wumpus": false, "Pit": true, "Left": "Cell 34"}, "Cell 11": {"Right": "Cell 21", "Gold": false, "Up": "Cell 12", "Next": ["Cell 12", "Cell 21"], "Down": "Void", "Wumpus": false, "Pit": false, "Left": "Void"}, "Cell 12": {"Right": "Cell 22", "Gold": false, "Up": "Cell 13", "Next": ["Cell 13", "Cell 11", "Cell 22"], "Down": "Cell 11", "Wumpus": false, "Pit": false, "Left": "Void"}, "Cell 13": {"Right": "Cell 23", "Gold": false, "Up": "Cell 14", "Next": ["Cell 14", "Cell 12", "Cell 23"], "Down": "Cell 12", "Wumpus": false, "Pit": false, "Left": "Void"}, "Cell 14": {"Right": "Cell 24", "Gold": false, "Up": "Void", "Next": ["Cell 13", "Cell 24"], "Down": "Cell 13", "Wumpus": false, "Pit": false, "Left": "Void"}, "Cell 43": {"Right": "Void", "Gold": false, "Up": "Cell 44", "Next": ["Cell 44", "Cell 42", "Cell 33"], "Down": "Cell 42", "Wumpus": false, "Pit": false, "Left": "Cell 33"}, "orientation": "Down"}